<?xml version="1.0"?>
<doc>
    <assembly>
        <name>EHI.API</name>
    </assembly>
    <members>
        <member name="T:EHI.Services.API.Controllers.ContactController">
            <summary>
            Contact controller methods
            </summary>
        </member>
        <member name="M:EHI.Services.API.Controllers.ContactController.#ctor(EHI.Services.DBModel.Contact.EHIDemoContext)">
            <summary>
            Contact controller constructor
            </summary>
            <param name="_eHIDemoContext">EHIDemo context</param>
        </member>
        <member name="M:EHI.Services.API.Controllers.ContactController.GetContactList">
            <summary>
            Get Contact List
            </summary>
            <returns>Returns list of Contact</returns>
        </member>
        <member name="M:EHI.Services.API.Controllers.ContactController.AddContact(EHI.Services.ServiceModel.Contact.ContactRequest)">
            <summary>
            Add Contact
            </summary>
            <param name="contactRequest">Contact request object</param>
            <returns>Add Contact to database</returns>
        </member>
        <member name="M:EHI.Services.API.Controllers.ContactController.UpdateContact(EHI.Services.ServiceModel.Contact.ContactRequest)">
            <summary>
            Update Contact
            </summary>
            <param name="contactRequest">ContactRequest Object</param>
            <returns>Returns true if updation is successful else false</returns>
        </member>
        <member name="M:EHI.Services.API.Controllers.ContactController.DeleteContact(System.Int32)">
            <summary>
            Delete Contact
            </summary>
            <param name="ContactId">ContactId</param>
            <returns>Returns true if deletion is successful else false</returns>
        </member>
        <member name="T:EHI.Services.API.Middleware.ExceptionHandlerMiddleware">
            <summary>
            Exception middleware methods
            </summary>
        </member>
        <member name="M:EHI.Services.API.Middleware.ExceptionHandlerMiddleware.#ctor(Microsoft.AspNetCore.Http.RequestDelegate)">
            <summary>
            ExceptionHandlerMiddleware constructor
            </summary>
            <param name="next"></param>
        </member>
        <member name="M:EHI.Services.API.Middleware.ExceptionHandlerMiddleware.Invoke(Microsoft.AspNetCore.Http.HttpContext,Microsoft.Extensions.Configuration.IConfiguration)">
            <summary>
            Invoke method
            </summary>
            <param name="context"></param>
            <returns></returns>
        </member>
        <member name="T:EHI.Services.API.Middleware.ExceptionHandlerMiddlewareExtensions">
            <summary>
            Exception handler middleware extensions
            </summary>
        </member>
        <member name="M:EHI.Services.API.Middleware.ExceptionHandlerMiddlewareExtensions.UseExceptionHandlerMiddleware(Microsoft.AspNetCore.Builder.IApplicationBuilder)">
            <summary>
            Use exception handler middleware
            </summary>
            <param name="builder"></param>
            <returns></returns>
        </member>
        <member name="T:EHI.Services.Contact.API.LambdaEntryPoint">
            <summary>
            This class extends from APIGatewayProxyFunction which contains the method FunctionHandlerAsync which is the 
            actual Lambda function entry point. The Lambda handler field should be set to
            
            Contact.API::Contact.API.LambdaEntryPoint::FunctionHandlerAsync
            </summary>
        </member>
        <member name="M:EHI.Services.Contact.API.LambdaEntryPoint.Init(Microsoft.AspNetCore.Hosting.IWebHostBuilder)">
            <summary>
            The builder has configuration, logging and Amazon API Gateway already configured. The startup class
            needs to be configured in this method using the UseStartup() method.
            </summary>
            <param name="builder"></param>
        </member>
        <member name="T:EHI.Services.Contact.API.LocalEntryPoint">
            <summary>
            The Main function can be used to run the ASP.NET Core application locally using the Kestrel webserver.
            </summary>
        </member>
        <member name="M:EHI.Services.Contact.API.LocalEntryPoint.BuildWebHost(System.String[])">
            <summary>
            Build web host
            </summary>
            <param name="args"></param>
            <returns></returns>
        </member>
        <member name="M:EHI.Services.Contact.API.Startup.Configure(Microsoft.AspNetCore.Builder.IApplicationBuilder,Microsoft.AspNetCore.Hosting.IHostingEnvironment,Microsoft.Extensions.Configuration.IConfiguration)">
            <summary>
            Configuration method
            </summary>
            <param name="app"></param>
            <param name="env"></param>
            <param name="config"></param>
        </member>
    </members>
</doc>
